Country Name,Country Code,Indicator Name,Indicator Code,Year,Value
Brazil,BRA,Individuals using the Internet (% of population),IT.NET.USER.ZS,1990,0.0
Canada,CAN,Individuals using the Internet (% of population),IT.NET.USER.ZS,1990,0.361
China,CHN,Individuals using the Internet (% of population),IT.NET.USER.ZS,1990,0.0
Germany,DEU,Individuals using the Internet (% of population),IT.NET.USER.ZS,1990,0.126
India,IND,Individuals using the Internet (% of population),IT.NET.USER.ZS,1990,0.0
Japan,JPN,Individuals using the Internet (% of population),IT.NET.USER.ZS,1990,0.0203
Nigeria,NGA,Individuals using the Internet (% of population),IT.NET.USER.ZS,1990,0.0
South Africa,ZAF,Individuals using the Internet (% of population),IT.NET.USER.ZS,1990,0.0
United Kingdom,GBR,Individuals using the Internet (% of population),IT.NET.USER.ZS,1990,0.0874
United States,USA,Individuals using the Internet (% of population),IT.NET.USER.ZS,1990,0.7849999999999999
Brazil,BRA,Individuals using the Internet (% of population),IT.NET.USER.ZS,1991,0.00329
Canada,CAN,Individuals using the Internet (% of population),IT.NET.USER.ZS,1991,0.5700000000000001
Germany,DEU,Individuals using the Internet (% of population),IT.NET.USER.ZS,1991,0.25
Japan,JPN,Individuals using the Internet (% of population),IT.NET.USER.ZS,1991,0.0404
South Africa,ZAF,Individuals using the Internet (% of population),IT.NET.USER.ZS,1991,0.0133
United Kingdom,GBR,Individuals using the Internet (% of population),IT.NET.USER.ZS,1991,0.174
United States,USA,Individuals using the Internet (% of population),IT.NET.USER.ZS,1991,1.16
Brazil,BRA,Individuals using the Internet (% of population),IT.NET.USER.ZS,1992,0.0128999999999999
Canada,CAN,Individuals using the Internet (% of population),IT.NET.USER.ZS,1992,0.916
Germany,DEU,Individuals using the Internet (% of population),IT.NET.USER.ZS,1992,0.4349999999999999
India,IND,Individuals using the Internet (% of population),IT.NET.USER.ZS,1992,0.000111
Japan,JPN,Individuals using the Internet (% of population),IT.NET.USER.ZS,1992,0.0967
South Africa,ZAF,Individuals using the Internet (% of population),IT.NET.USER.ZS,1992,0.0389
United Kingdom,GBR,Individuals using the Internet (% of population),IT.NET.USER.ZS,1992,0.261
United States,USA,Individuals using the Internet (% of population),IT.NET.USER.ZS,1992,1.72
Brazil,BRA,Individuals using the Internet (% of population),IT.NET.USER.ZS,1993,0.0255
Canada,CAN,Individuals using the Internet (% of population),IT.NET.USER.ZS,1993,1.18
China,CHN,Individuals using the Internet (% of population),IT.NET.USER.ZS,1993,0.000169
Germany,DEU,Individuals using the Internet (% of population),IT.NET.USER.ZS,1993,0.464
India,IND,Individuals using the Internet (% of population),IT.NET.USER.ZS,1993,0.0002179999999999
Japan,JPN,Individuals using the Internet (% of population),IT.NET.USER.ZS,1993,0.4009999999999999
South Africa,ZAF,Individuals using the Internet (% of population),IT.NET.USER.ZS,1993,0.1139999999999999
United Kingdom,GBR,Individuals using the Internet (% of population),IT.NET.USER.ZS,1993,0.52
United States,USA,Individuals using the Internet (% of population),IT.NET.USER.ZS,1993,2.27
Brazil,BRA,Individuals using the Internet (% of population),IT.NET.USER.ZS,1994,0.0377
Canada,CAN,Individuals using the Internet (% of population),IT.NET.USER.ZS,1994,2.3800000000000003
China,CHN,Individuals using the Internet (% of population),IT.NET.USER.ZS,1994,0.00117
Germany,DEU,Individuals using the Internet (% of population),IT.NET.USER.ZS,1994,0.923
India,IND,Individuals using the Internet (% of population),IT.NET.USER.ZS,1994,0.00107
Japan,JPN,Individuals using the Internet (% of population),IT.NET.USER.ZS,1994,0.8
South Africa,ZAF,Individuals using the Internet (% of population),IT.NET.USER.ZS,1994,0.247
United Kingdom,GBR,Individuals using the Internet (% of population),IT.NET.USER.ZS,1994,1.04
United States,USA,Individuals using the Internet (% of population),IT.NET.USER.ZS,1994,4.859999999999999
Brazil,BRA,Individuals using the Internet (% of population),IT.NET.USER.ZS,1995,0.105
Canada,CAN,Individuals using the Internet (% of population),IT.NET.USER.ZS,1995,4.16
China,CHN,Individuals using the Internet (% of population),IT.NET.USER.ZS,1995,0.0049499999999999
Germany,DEU,Individuals using the Internet (% of population),IT.NET.USER.ZS,1995,1.84
India,IND,Individuals using the Internet (% of population),IT.NET.USER.ZS,1995,0.0262
Japan,JPN,Individuals using the Internet (% of population),IT.NET.USER.ZS,1995,1.59
South Africa,ZAF,Individuals using the Internet (% of population),IT.NET.USER.ZS,1995,0.677
United Kingdom,GBR,Individuals using the Internet (% of population),IT.NET.USER.ZS,1995,1.9
United States,USA,Individuals using the Internet (% of population),IT.NET.USER.ZS,1995,9.24
Brazil,BRA,Individuals using the Internet (% of population),IT.NET.USER.ZS,1996,0.451
Canada,CAN,Individuals using the Internet (% of population),IT.NET.USER.ZS,1996,6.76
China,CHN,Individuals using the Internet (% of population),IT.NET.USER.ZS,1996,0.0131
Germany,DEU,Individuals using the Internet (% of population),IT.NET.USER.ZS,1996,3.05
India,IND,Individuals using the Internet (% of population),IT.NET.USER.ZS,1996,0.0463
Japan,JPN,Individuals using the Internet (% of population),IT.NET.USER.ZS,1996,4.37
Nigeria,NGA,Individuals using the Internet (% of population),IT.NET.USER.ZS,1996,0.00883
South Africa,ZAF,Individuals using the Internet (% of population),IT.NET.USER.ZS,1996,0.8420000000000001
United Kingdom,GBR,Individuals using the Internet (% of population),IT.NET.USER.ZS,1996,4.12
United States,USA,Individuals using the Internet (% of population),IT.NET.USER.ZS,1996,16.400000000000002
Brazil,BRA,Individuals using the Internet (% of population),IT.NET.USER.ZS,1997,0.786
Canada,CAN,Individuals using the Internet (% of population),IT.NET.USER.ZS,1997,15.1
China,CHN,Individuals using the Internet (% of population),IT.NET.USER.ZS,1997,0.0324
Germany,DEU,Individuals using the Internet (% of population),IT.NET.USER.ZS,1997,6.710000000000001
India,IND,Individuals using the Internet (% of population),IT.NET.USER.ZS,1997,0.0708
Japan,JPN,Individuals using the Internet (% of population),IT.NET.USER.ZS,1997,9.16
Nigeria,NGA,Individuals using the Internet (% of population),IT.NET.USER.ZS,1997,0.0172
South Africa,ZAF,Individuals using the Internet (% of population),IT.NET.USER.ZS,1997,1.63
United Kingdom,GBR,Individuals using the Internet (% of population),IT.NET.USER.ZS,1997,7.39
United States,USA,Individuals using the Internet (% of population),IT.NET.USER.ZS,1997,21.6
Brazil,BRA,Individuals using the Internet (% of population),IT.NET.USER.ZS,1998,1.48
Canada,CAN,Individuals using the Internet (% of population),IT.NET.USER.ZS,1998,24.9
China,CHN,Individuals using the Internet (% of population),IT.NET.USER.ZS,1998,0.169
Germany,DEU,Individuals using the Internet (% of population),IT.NET.USER.ZS,1998,9.88
India,IND,Individuals using the Internet (% of population),IT.NET.USER.ZS,1998,0.1389999999999999
Japan,JPN,Individuals using the Internet (% of population),IT.NET.USER.ZS,1998,13.4
Nigeria,NGA,Individuals using the Internet (% of population),IT.NET.USER.ZS,1998,0.0252
South Africa,ZAF,Individuals using the Internet (% of population),IT.NET.USER.ZS,1998,2.91
United Kingdom,GBR,Individuals using the Internet (% of population),IT.NET.USER.ZS,1998,13.7
United States,USA,Individuals using the Internet (% of population),IT.NET.USER.ZS,1998,30.1
Brazil,BRA,Individuals using the Internet (% of population),IT.NET.USER.ZS,1999,2.04
Canada,CAN,Individuals using the Internet (% of population),IT.NET.USER.ZS,1999,36.2
China,CHN,Individuals using the Internet (% of population),IT.NET.USER.ZS,1999,0.7080000000000001
Germany,DEU,Individuals using the Internet (% of population),IT.NET.USER.ZS,1999,20.8
India,IND,Individuals using the Internet (% of population),IT.NET.USER.ZS,1999,0.2729999999999999
Japan,JPN,Individuals using the Internet (% of population),IT.NET.USER.ZS,1999,21.4
Nigeria,NGA,Individuals using the Internet (% of population),IT.NET.USER.ZS,1999,0.041
South Africa,ZAF,Individuals using the Internet (% of population),IT.NET.USER.ZS,1999,4.12
United Kingdom,GBR,Individuals using the Internet (% of population),IT.NET.USER.ZS,1999,21.3
United States,USA,Individuals using the Internet (% of population),IT.NET.USER.ZS,1999,35.8
Brazil,BRA,Individuals using the Internet (% of population),IT.NET.USER.ZS,2000,2.87068515854108
Canada,CAN,Individuals using the Internet (% of population),IT.NET.USER.ZS,2000,51.3
China,CHN,Individuals using the Internet (% of population),IT.NET.USER.ZS,2000,1.77591320677415
Germany,DEU,Individuals using the Internet (% of population),IT.NET.USER.ZS,2000,30.2163466048889
India,IND,Individuals using the Internet (% of population),IT.NET.USER.ZS,2000,0.527532449930946
Japan,JPN,Individuals using the Internet (% of population),IT.NET.USER.ZS,2000,29.9907403589142
Nigeria,NGA,Individuals using the Internet (% of population),IT.NET.USER.ZS,2000,0.0640808079494101
South Africa,ZAF,Individuals using the Internet (% of population),IT.NET.USER.ZS,2000,5.34855973203537
United Kingdom,GBR,Individuals using the Internet (% of population),IT.NET.USER.ZS,2000,26.8217543508578
United States,USA,Individuals using the Internet (% of population),IT.NET.USER.ZS,2000,43.0791626375201
Brazil,BRA,Individuals using the Internet (% of population),IT.NET.USER.ZS,2001,4.52849486902851
Canada,CAN,Individuals using the Internet (% of population),IT.NET.USER.ZS,2001,60.2
China,CHN,Individuals using the Internet (% of population),IT.NET.USER.ZS,2001,2.63965021485872
Germany,DEU,Individuals using the Internet (% of population),IT.NET.USER.ZS,2001,31.650939416316
India,IND,Individuals using the Internet (% of population),IT.NET.USER.ZS,2001,0.660146377009928
Japan,JPN,Individuals using the Internet (% of population),IT.NET.USER.ZS,2001,38.5320608612719
Nigeria,NGA,Individuals using the Internet (% of population),IT.NET.USER.ZS,2001,0.089901370457273
South Africa,ZAF,Individuals using the Internet (% of population),IT.NET.USER.ZS,2001,6.34661931839768
United Kingdom,GBR,Individuals using the Internet (% of population),IT.NET.USER.ZS,2001,33.4810948744147
United States,USA,Individuals using the Internet (% of population),IT.NET.USER.ZS,2001,49.0808315896951
Brazil,BRA,Individuals using the Internet (% of population),IT.NET.USER.ZS,2002,9.14942508560748
Canada,CAN,Individuals using the Internet (% of population),IT.NET.USER.ZS,2002,61.5932992681952
China,CHN,Individuals using the Internet (% of population),IT.NET.USER.ZS,2002,4.59570433077551
Germany,DEU,Individuals using the Internet (% of population),IT.NET.USER.ZS,2002,48.82
Germany,DEU,"Individuals using the Internet, female (% of female population)",IT.NET.USER.FE.ZS,2002,43.7461
Germany,DEU,"Individuals using the Internet, male (% of male population)",IT.NET.USER.MA.ZS,2002,53.9857
India,IND,Individuals using the Internet (% of population),IT.NET.USER.ZS,2002,1.53787558175083
Japan,JPN,Individuals using the Internet (% of population),IT.NET.USER.ZS,2002,46.5942011179917
Nigeria,NGA,Individuals using the Internet (% of population),IT.NET.USER.ZS,2002,0.320461975542327
South Africa,ZAF,Individuals using the Internet (% of population),IT.NET.USER.ZS,2002,6.71032243705404
United Kingdom,GBR,Individuals using the Internet (% of population),IT.NET.USER.ZS,2002,56.48
United Kingdom,GBR,"Individuals using the Internet, female (% of female population)",IT.NET.USER.FE.ZS,2002,53.8259
United Kingdom,GBR,"Individuals using the Internet, male (% of male population)",IT.NET.USER.MA.ZS,2002,59.1173
United States,USA,Individuals using the Internet (% of population),IT.NET.USER.ZS,2002,58.7854038836952
Brazil,BRA,Individuals using the Internet (% of population),IT.NET.USER.ZS,2003,13.2075861035303
Canada,CAN,Individuals using the Internet (% of population),IT.NET.USER.ZS,2003,64.2
China,CHN,Individuals using the Internet (% of population),IT.NET.USER.ZS,2003,6.2
Germany,DEU,Individuals using the Internet (% of population),IT.NET.USER.ZS,2003,55.9
Germany,DEU,"Individuals using the Internet, female (% of female population)",IT.NET.USER.FE.ZS,2003,49.2239
Germany,DEU,"Individuals using the Internet, male (% of male population)",IT.NET.USER.MA.ZS,2003,59.7484
India,IND,Individuals using the Internet (% of population),IT.NET.USER.ZS,2003,1.68648997063625
Japan,JPN,Individuals using the Internet (% of population),IT.NET.USER.ZS,2003,48.4352658899653
Nigeria,NGA,Individuals using the Internet (% of population),IT.NET.USER.ZS,2003,0.558576244860521
South Africa,ZAF,Individuals using the Internet (% of population),IT.NET.USER.ZS,2003,7.00769172611251
United Kingdom,GBR,Individuals using the Internet (% of population),IT.NET.USER.ZS,2003,64.82
United Kingdom,GBR,"Individuals using the Internet, female (% of female population)",IT.NET.USER.FE.ZS,2003,61.9569
United Kingdom,GBR,"Individuals using the Internet, male (% of male population)",IT.NET.USER.MA.ZS,2003,67.6521
United States,USA,Individuals using the Internet (% of population),IT.NET.USER.ZS,2003,61.6971171244207
Brazil,BRA,Individuals using the Internet (% of population),IT.NET.USER.ZS,2004,19.073672274442
Canada,CAN,Individuals using the Internet (% of population),IT.NET.USER.ZS,2004,65.9559634648989
China,CHN,Individuals using the Internet (% of population),IT.NET.USER.ZS,2004,7.3
Germany,DEU,Individuals using the Internet (% of population),IT.NET.USER.ZS,2004,64.73
Germany,DEU,"Individuals using the Internet, female (% of female population)",IT.NET.USER.FE.ZS,2004,60.3556
Germany,DEU,"Individuals using the Internet, male (% of male population)",IT.NET.USER.MA.ZS,2004,69.0886
India,IND,Individuals using the Internet (% of population),IT.NET.USER.ZS,2004,1.97613649190559
Japan,JPN,Individuals using the Internet (% of population),IT.NET.USER.ZS,2004,62.3939296327259
Nigeria,NGA,Individuals using the Internet (% of population),IT.NET.USER.ZS,2004,1.28613764134527
South Africa,ZAF,Individuals using the Internet (% of population),IT.NET.USER.ZS,2004,8.4251186825406
United Kingdom,GBR,Individuals using the Internet (% of population),IT.NET.USER.ZS,2004,65.61
United Kingdom,GBR,"Individuals using the Internet, female (% of female population)",IT.NET.USER.FE.ZS,2004,62.4922
United Kingdom,GBR,"Individuals using the Internet, male (% of male population)",IT.NET.USER.MA.ZS,2004,68.8558
United States,USA,Individuals using the Internet (% of population),IT.NET.USER.ZS,2004,64.7582564759896
Brazil,BRA,Individuals using the Internet (% of population),IT.NET.USER.ZS,2005,21.022747248827
Canada,CAN,Individuals using the Internet (% of population),IT.NET.USER.ZS,2005,71.66
China,CHN,Individuals using the Internet (% of population),IT.NET.USER.ZS,2005,8.52325700269541
Germany,DEU,Individuals using the Internet (% of population),IT.NET.USER.ZS,2005,68.71
Germany,DEU,"Individuals using the Internet, female (% of female population)",IT.NET.USER.FE.ZS,2005,64.2079
Germany,DEU,"Individuals using the Internet, male (% of male population)",IT.NET.USER.MA.ZS,2005,73.1993
India,IND,Individuals using the Internet (% of population),IT.NET.USER.ZS,2005,2.388099909
Japan,JPN,Individuals using the Internet (% of population),IT.NET.USER.ZS,2005,66.9210661042901
Nigeria,NGA,Individuals using the Internet (% of population),IT.NET.USER.ZS,2005,3.54915571796492
South Africa,ZAF,Individuals using the Internet (% of population),IT.NET.USER.ZS,2005,7.48854252992921
United Kingdom,GBR,Individuals using the Internet (% of population),IT.NET.USER.ZS,2005,70.0
United Kingdom,GBR,"Individuals using the Internet, female (% of female population)",IT.NET.USER.FE.ZS,2005,66.6413
United Kingdom,GBR,"Individuals using the Internet, male (% of male population)",IT.NET.USER.MA.ZS,2005,70.8889
United States,USA,Individuals using the Internet (% of population),IT.NET.USER.ZS,2005,67.9681015
Brazil,BRA,Individuals using the Internet (% of population),IT.NET.USER.ZS,2006,28.17840004
Canada,CAN,Individuals using the Internet (% of population),IT.NET.USER.ZS,2006,72.40000153
China,CHN,Individuals using the Internet (% of population),IT.NET.USER.ZS,2006,10.5231526193851
Germany,DEU,Individuals using the Internet (% of population),IT.NET.USER.ZS,2006,72.16
Germany,DEU,"Individuals using the Internet, female (% of female population)",IT.NET.USER.FE.ZS,2006,68.4159
Germany,DEU,"Individuals using the Internet, male (% of male population)",IT.NET.USER.MA.ZS,2006,75.921
India,IND,Individuals using the Internet (% of population),IT.NET.USER.ZS,2006,2.80549986534254
Japan,JPN,Individuals using the Internet (% of population),IT.NET.USER.ZS,2006,68.6852703213795
Nigeria,NGA,Individuals using the Internet (% of population),IT.NET.USER.ZS,2006,5.54503608300536
South Africa,ZAF,Individuals using the Internet (% of population),IT.NET.USER.ZS,2006,7.60713967477381
United Kingdom,GBR,Individuals using the Internet (% of population),IT.NET.USER.ZS,2006,68.82
United Kingdom,GBR,"Individuals using the Internet, female (% of female population)",IT.NET.USER.FE.ZS,2006,64.6318
United Kingdom,GBR,"Individuals using the Internet, male (% of male population)",IT.NET.USER.MA.ZS,2006,73.4623
United States,USA,Individuals using the Internet (% of population),IT.NET.USER.ZS,2006,68.93119812
Brazil,BRA,Individuals using the Internet (% of population),IT.NET.USER.ZS,2007,30.87999916
Canada,CAN,Individuals using the Internet (% of population),IT.NET.USER.ZS,2007,73.2
Canada,CAN,"Individuals using the Internet, female (% of female population)",IT.NET.USER.FE.ZS,2007,72.3
Canada,CAN,"Individuals using the Internet, male (% of male population)",IT.NET.USER.MA.ZS,2007,74.1
China,CHN,Individuals using the Internet (% of population),IT.NET.USER.ZS,2007,16.0
Germany,DEU,Individuals using the Internet (% of population),IT.NET.USER.ZS,2007,75.16
Germany,DEU,"Individuals using the Internet, female (% of female population)",IT.NET.USER.FE.ZS,2007,71.4016
Germany,DEU,"Individuals using the Internet, male (% of male population)",IT.NET.USER.MA.ZS,2007,78.9275
India,IND,Individuals using the Internet (% of population),IT.NET.USER.ZS,2007,3.95
Japan,JPN,Individuals using the Internet (% of population),IT.NET.USER.ZS,2007,74.3
Japan,JPN,"Individuals using the Internet, female (% of female population)",IT.NET.USER.FE.ZS,2007,70.0389
Japan,JPN,"Individuals using the Internet, male (% of male population)",IT.NET.USER.MA.ZS,2007,78.8066
Nigeria,NGA,Individuals using the Internet (% of population),IT.NET.USER.ZS,2007,6.769999981
South Africa,ZAF,Individuals using the Internet (% of population),IT.NET.USER.ZS,2007,8.06537517355504
United Kingdom,GBR,Individuals using the Internet (% of population),IT.NET.USER.ZS,2007,75.09
United Kingdom,GBR,"Individuals using the Internet, female (% of female population)",IT.NET.USER.FE.ZS,2007,71.5031
United Kingdom,GBR,"Individuals using the Internet, male (% of male population)",IT.NET.USER.MA.ZS,2007,78.8205
United States,USA,Individuals using the Internet (% of population),IT.NET.USER.ZS,2007,75.0
Brazil,BRA,Individuals using the Internet (% of population),IT.NET.USER.ZS,2008,33.83
Canada,CAN,Individuals using the Internet (% of population),IT.NET.USER.ZS,2008,76.69999695
China,CHN,Individuals using the Internet (% of population),IT.NET.USER.ZS,2008,22.6
Germany,DEU,Individuals using the Internet (% of population),IT.NET.USER.ZS,2008,78.0
Germany,DEU,"Individuals using the Internet, female (% of female population)",IT.NET.USER.FE.ZS,2008,74.1765
Germany,DEU,"Individuals using the Internet, male (% of male population)",IT.NET.USER.MA.ZS,2008,81.6617
India,IND,Individuals using the Internet (% of population),IT.NET.USER.ZS,2008,4.38
Japan,JPN,Individuals using the Internet (% of population),IT.NET.USER.ZS,2008,75.4
Japan,JPN,"Individuals using the Internet, female (% of female population)",IT.NET.USER.FE.ZS,2008,70.0389
Japan,JPN,"Individuals using the Internet, male (% of male population)",IT.NET.USER.MA.ZS,2008,81.07
Nigeria,NGA,Individuals using the Internet (% of population),IT.NET.USER.ZS,2008,8.0
South Africa,ZAF,Individuals using the Internet (% of population),IT.NET.USER.ZS,2008,8.43
United Kingdom,GBR,Individuals using the Internet (% of population),IT.NET.USER.ZS,2008,78.39
United Kingdom,GBR,"Individuals using the Internet, female (% of female population)",IT.NET.USER.FE.ZS,2008,75.473
United Kingdom,GBR,"Individuals using the Internet, male (% of male population)",IT.NET.USER.MA.ZS,2008,81.4279
United States,USA,Individuals using the Internet (% of population),IT.NET.USER.ZS,2008,74.0
Brazil,BRA,Individuals using the Internet (% of population),IT.NET.USER.ZS,2009,39.22
Brazil,BRA,"Individuals using the Internet, female (% of female population)",IT.NET.USER.FE.ZS,2009,37.9472
Brazil,BRA,"Individuals using the Internet, male (% of male population)",IT.NET.USER.MA.ZS,2009,40.5929
Canada,CAN,Individuals using the Internet (% of population),IT.NET.USER.ZS,2009,80.3
Canada,CAN,"Individuals using the Internet, female (% of female population)",IT.NET.USER.FE.ZS,2009,79.7
Canada,CAN,"Individuals using the Internet, male (% of male population)",IT.NET.USER.MA.ZS,2009,81.0
China,CHN,Individuals using the Internet (% of population),IT.NET.USER.ZS,2009,28.9
Germany,DEU,Individuals using the Internet (% of population),IT.NET.USER.ZS,2009,79.0
Germany,DEU,"Individuals using the Internet, female (% of female population)",IT.NET.USER.FE.ZS,2009,75.3473
Germany,DEU,"Individuals using the Internet, male (% of male population)",IT.NET.USER.MA.ZS,2009,83.1913
India,IND,Individuals using the Internet (% of population),IT.NET.USER.ZS,2009,5.12
Japan,JPN,Individuals using the Internet (% of population),IT.NET.USER.ZS,2009,78.0
Japan,JPN,"Individuals using the Internet, female (% of female population)",IT.NET.USER.FE.ZS,2009,74.8215
Japan,JPN,"Individuals using the Internet, male (% of male population)",IT.NET.USER.MA.ZS,2009,81.2472
Nigeria,NGA,Individuals using the Internet (% of population),IT.NET.USER.ZS,2009,9.300000191
South Africa,ZAF,Individuals using the Internet (% of population),IT.NET.USER.ZS,2009,10.0
United Kingdom,GBR,Individuals using the Internet (% of population),IT.NET.USER.ZS,2009,83.56
United Kingdom,GBR,"Individuals using the Internet, female (% of female population)",IT.NET.USER.FE.ZS,2009,81.1654
United Kingdom,GBR,"Individuals using the Internet, male (% of male population)",IT.NET.USER.MA.ZS,2009,84.4705
United States,USA,Individuals using the Internet (% of population),IT.NET.USER.ZS,2009,71.0
United States,USA,"Individuals using the Internet, female (% of female population)",IT.NET.USER.FE.ZS,2009,68.8284
United States,USA,"Individuals using the Internet, male (% of male population)",IT.NET.USER.MA.ZS,2009,67.9408
Brazil,BRA,Individuals using the Internet (% of population),IT.NET.USER.ZS,2010,40.65
Brazil,BRA,"Individuals using the Internet, female (% of female population)",IT.NET.USER.FE.ZS,2010,40.2503
Brazil,BRA,"Individuals using the Internet, male (% of male population)",IT.NET.USER.MA.ZS,2010,41.0911
Brazil,BRA,Secure Internet servers (per 1 million people),IT.NET.SECR.P6,2010,28.543856163662674
Canada,CAN,Individuals using the Internet (% of population),IT.NET.USER.ZS,2010,80.3
Canada,CAN,"Individuals using the Internet, female (% of female population)",IT.NET.USER.FE.ZS,2010,79.1717
Canada,CAN,"Individuals using the Internet, male (% of male population)",IT.NET.USER.MA.ZS,2010,81.4717
Canada,CAN,Secure Internet servers (per 1 million people),IT.NET.SECR.P6,2010,1282.6596983076645
China,CHN,Individuals using the Internet (% of population),IT.NET.USER.ZS,2010,34.3
China,CHN,Secure Internet servers (per 1 million people),IT.NET.SECR.P6,2010,1.1990685539786423
Germany,DEU,Individuals using the Internet (% of population),IT.NET.USER.ZS,2010,82.0
Germany,DEU,"Individuals using the Internet, female (% of female population)",IT.NET.USER.FE.ZS,2010,78.5456
Germany,DEU,"Individuals using the Internet, male (% of male population)",IT.NET.USER.MA.ZS,2010,85.1713
Germany,DEU,Secure Internet servers (per 1 million people),IT.NET.SECR.P6,2010,1049.3179433368311
India,IND,Individuals using the Internet (% of population),IT.NET.USER.ZS,2010,7.5
India,IND,Secure Internet servers (per 1 million people),IT.NET.SECR.P6,2010,1.6574431496758404
Japan,JPN,Individuals using the Internet (% of population),IT.NET.USER.ZS,2010,78.21
Japan,JPN,"Individuals using the Internet, female (% of female population)",IT.NET.USER.FE.ZS,2010,74.8259
Japan,JPN,"Individuals using the Internet, male (% of male population)",IT.NET.USER.MA.ZS,2010,81.7342
Japan,JPN,Secure Internet servers (per 1 million people),IT.NET.SECR.P6,2010,552.9007573982977
Nigeria,NGA,Individuals using the Internet (% of population),IT.NET.USER.ZS,2010,11.5
Nigeria,NGA,Secure Internet servers (per 1 million people),IT.NET.SECR.P6,2010,0.612087335069317
South Africa,ZAF,Individuals using the Internet (% of population),IT.NET.USER.ZS,2010,24.0
South Africa,ZAF,Secure Internet servers (per 1 million people),IT.NET.SECR.P6,2010,50.95134879797515
United Kingdom,GBR,Individuals using the Internet (% of population),IT.NET.USER.ZS,2010,85.0
United Kingdom,GBR,"Individuals using the Internet, female (% of female population)",IT.NET.USER.FE.ZS,2010,83.9142
United Kingdom,GBR,"Individuals using the Internet, male (% of male population)",IT.NET.USER.MA.ZS,2010,86.1103
United Kingdom,GBR,Secure Internet servers (per 1 million people),IT.NET.SECR.P6,2010,1315.4019672797683
United States,USA,Individuals using the Internet (% of population),IT.NET.USER.ZS,2010,71.69
United States,USA,"Individuals using the Internet, female (% of female population)",IT.NET.USER.FE.ZS,2010,72.0988
United States,USA,"Individuals using the Internet, male (% of male population)",IT.NET.USER.MA.ZS,2010,71.2639
United States,USA,Secure Internet servers (per 1 million people),IT.NET.SECR.P6,2010,2481.305835397396
Brazil,BRA,Individuals using the Internet (% of population),IT.NET.USER.ZS,2011,45.69
Brazil,BRA,Secure Internet servers (per 1 million people),IT.NET.SECR.P6,2011,44.59641991267991
Canada,CAN,Individuals using the Internet (% of population),IT.NET.USER.ZS,2011,83.0
Canada,CAN,Secure Internet servers (per 1 million people),IT.NET.SECR.P6,2011,1641.9417318756298
China,CHN,Individuals using the Internet (% of population),IT.NET.USER.ZS,2011,38.3
China,CHN,Secure Internet servers (per 1 million people),IT.NET.SECR.P6,2011,1.9560829272100724
Germany,DEU,Individuals using the Internet (% of population),IT.NET.USER.ZS,2011,81.26999953602
Germany,DEU,"Individuals using the Internet, female (% of female population)",IT.NET.USER.FE.ZS,2011,78.07
Germany,DEU,"Individuals using the Internet, male (% of male population)",IT.NET.USER.MA.ZS,2011,84.49
Germany,DEU,Secure Internet servers (per 1 million people),IT.NET.SECR.P6,2011,1471.9031457160197
India,IND,Individuals using the Internet (% of population),IT.NET.USER.ZS,2011,10.07
India,IND,Secure Internet servers (per 1 million people),IT.NET.SECR.P6,2011,2.253364866423345
Japan,JPN,Individuals using the Internet (% of population),IT.NET.USER.ZS,2011,79.0541135244739
Japan,JPN,"Individuals using the Internet, female (% of female population)",IT.NET.USER.FE.ZS,2011,73.7116
Japan,JPN,"Individuals using the Internet, male (% of male population)",IT.NET.USER.MA.ZS,2011,84.7748
Japan,JPN,Secure Internet servers (per 1 million people),IT.NET.SECR.P6,2011,679.6210681123027
Nigeria,NGA,Individuals using the Internet (% of population),IT.NET.USER.ZS,2011,13.80000019
Nigeria,NGA,Secure Internet servers (per 1 million people),IT.NET.SECR.P6,2011,0.9044250413050916
South Africa,ZAF,Individuals using the Internet (% of population),IT.NET.USER.ZS,2011,33.97
South Africa,ZAF,Secure Internet servers (per 1 million people),IT.NET.SECR.P6,2011,80.78089329025144
United Kingdom,GBR,Individuals using the Internet (% of population),IT.NET.USER.ZS,2011,85.3799985496322
United Kingdom,GBR,"Individuals using the Internet, female (% of female population)",IT.NET.USER.FE.ZS,2011,84.41
United Kingdom,GBR,"Individuals using the Internet, male (% of male population)",IT.NET.USER.MA.ZS,2011,86.38
United Kingdom,GBR,Secure Internet servers (per 1 million people),IT.NET.SECR.P6,2011,1811.9531492925648
United States,USA,Individuals using the Internet (% of population),IT.NET.USER.ZS,2011,69.7294607619268
United States,USA,"Individuals using the Internet, female (% of female population)",IT.NET.USER.FE.ZS,2011,70.0752
United States,USA,"Individuals using the Internet, male (% of male population)",IT.NET.USER.MA.ZS,2011,69.3692
United States,USA,Secure Internet servers (per 1 million people),IT.NET.SECR.P6,2011,2983.814161992796
Brazil,BRA,Individuals using the Internet (% of population),IT.NET.USER.ZS,2012,48.56
Brazil,BRA,Secure Internet servers (per 1 million people),IT.NET.SECR.P6,2012,71.41039066949062
Canada,CAN,Individuals using the Internet (% of population),IT.NET.USER.ZS,2012,83.0
Canada,CAN,Secure Internet servers (per 1 million people),IT.NET.SECR.P6,2012,2146.1456017194514
China,CHN,Individuals using the Internet (% of population),IT.NET.USER.ZS,2012,42.30009842
China,CHN,Secure Internet servers (per 1 million people),IT.NET.SECR.P6,2012,3.766088953544185
Germany,DEU,Individuals using the Internet (% of population),IT.NET.USER.ZS,2012,82.3499984738392
Germany,DEU,"Individuals using the Internet, female (% of female population)",IT.NET.USER.FE.ZS,2012,79.3996
Germany,DEU,"Individuals using the Internet, male (% of male population)",IT.NET.USER.MA.ZS,2012,85.3174
Germany,DEU,Secure Internet servers (per 1 million people),IT.NET.SECR.P6,2012,2194.904489817904
India,IND,Individuals using the Internet (% of population),IT.NET.USER.ZS,2012,11.10000038
India,IND,Secure Internet servers (per 1 million people),IT.NET.SECR.P6,2012,4.460869432430428
Japan,JPN,Individuals using the Internet (% of population),IT.NET.USER.ZS,2012,79.4964
Japan,JPN,"Individuals using the Internet, female (% of female population)",IT.NET.USER.FE.ZS,2012,74.0008
Japan,JPN,"Individuals using the Internet, male (% of male population)",IT.NET.USER.MA.ZS,2012,85.326
Japan,JPN,Secure Internet servers (per 1 million people),IT.NET.SECR.P6,2012,909.6130189847136
Nigeria,NGA,Individuals using the Internet (% of population),IT.NET.USER.ZS,2012,16.10000038
Nigeria,NGA,Secure Internet servers (per 1 million people),IT.NET.SECR.P6,2012,1.6458511426960036
South Africa,ZAF,Individuals using the Internet (% of population),IT.NET.USER.ZS,2012,41.0
South Africa,ZAF,Secure Internet servers (per 1 million people),IT.NET.SECR.P6,2012,140.1755330867714
United Kingdom,GBR,Individuals using the Internet (% of population),IT.NET.USER.ZS,2012,87.4799984242111
United Kingdom,GBR,"Individuals using the Internet, female (% of female population)",IT.NET.USER.FE.ZS,2012,87.2662
United Kingdom,GBR,"Individuals using the Internet, male (% of male population)",IT.NET.USER.MA.ZS,2012,87.6888
United Kingdom,GBR,Secure Internet servers (per 1 million people),IT.NET.SECR.P6,2012,2500.1177190751987
United States,USA,Individuals using the Internet (% of population),IT.NET.USER.ZS,2012,74.7
United States,USA,"Individuals using the Internet, female (% of female population)",IT.NET.USER.FE.ZS,2012,75.2518
United States,USA,"Individuals using the Internet, male (% of male population)",IT.NET.USER.MA.ZS,2012,74.1254
United States,USA,Secure Internet servers (per 1 million people),IT.NET.SECR.P6,2012,3836.057950907341
Brazil,BRA,Individuals using the Internet (% of population),IT.NET.USER.ZS,2013,51.04
Brazil,BRA,"Individuals using the Internet, female (% of female population)",IT.NET.USER.FE.ZS,2013,52.8162
Brazil,BRA,"Individuals using the Internet, male (% of male population)",IT.NET.USER.MA.ZS,2013,49.1403
Brazil,BRA,Secure Internet servers (per 1 million people),IT.NET.SECR.P6,2013,87.94916163605373
Canada,CAN,Individuals using the Internet (% of population),IT.NET.USER.ZS,2013,85.80000305
Canada,CAN,Secure Internet servers (per 1 million people),IT.NET.SECR.P6,2013,2363.0175566300977
China,CHN,Individuals using the Internet (% of population),IT.NET.USER.ZS,2013,45.79999924
China,CHN,Secure Internet servers (per 1 million people),IT.NET.SECR.P6,2013,5.134092309497961
Germany,DEU,Individuals using the Internet (% of population),IT.NET.USER.ZS,2013,84.17
Germany,DEU,"Individuals using the Internet, female (% of female population)",IT.NET.USER.FE.ZS,2013,81.4862
Germany,DEU,"Individuals using the Internet, male (% of male population)",IT.NET.USER.MA.ZS,2013,86.8616
Germany,DEU,Secure Internet servers (per 1 million people),IT.NET.SECR.P6,2013,2601.183288289548
India,IND,Individuals using the Internet (% of population),IT.NET.USER.ZS,2013,12.30000019
India,IND,Secure Internet servers (per 1 million people),IT.NET.SECR.P6,2013,6.081046876235249
Japan,JPN,Individuals using the Internet (% of population),IT.NET.USER.ZS,2013,88.219428911
Japan,JPN,"Individuals using the Internet, female (% of female population)",IT.NET.USER.FE.ZS,2013,85.5018
Japan,JPN,"Individuals using the Internet, male (% of male population)",IT.NET.USER.MA.ZS,2013,91.1412
Japan,JPN,Secure Internet servers (per 1 million people),IT.NET.SECR.P6,2013,1054.7373376750754
Nigeria,NGA,Individuals using the Internet (% of population),IT.NET.USER.ZS,2013,19.10000038
Nigeria,NGA,Secure Internet servers (per 1 million people),IT.NET.SECR.P6,2013,2.109920879458325
South Africa,ZAF,Individuals using the Internet (% of population),IT.NET.USER.ZS,2013,46.5
South Africa,ZAF,Secure Internet servers (per 1 million people),IT.NET.SECR.P6,2013,170.0476515656683
United Kingdom,GBR,Individuals using the Internet (% of population),IT.NET.USER.ZS,2013,89.8441
United Kingdom,GBR,"Individuals using the Internet, female (% of female population)",IT.NET.USER.FE.ZS,2013,89.2395
United Kingdom,GBR,"Individuals using the Internet, male (% of male population)",IT.NET.USER.MA.ZS,2013,90.4595
United Kingdom,GBR,Secure Internet servers (per 1 million people),IT.NET.SECR.P6,2013,2832.0652343384577
United States,USA,Individuals using the Internet (% of population),IT.NET.USER.ZS,2013,71.4
United States,USA,"Individuals using the Internet, female (% of female population)",IT.NET.USER.FE.ZS,2013,71.9062
United States,USA,"Individuals using the Internet, male (% of male population)",IT.NET.USER.MA.ZS,2013,70.9145
United States,USA,Secure Internet servers (per 1 million people),IT.NET.SECR.P6,2013,4294.073707467068
Brazil,BRA,Individuals using the Internet (% of population),IT.NET.USER.ZS,2014,54.5510018796392
Brazil,BRA,"Individuals using the Internet, female (% of female population)",IT.NET.USER.FE.ZS,2014,54.1797
Brazil,BRA,"Individuals using the Internet, male (% of male population)",IT.NET.USER.MA.ZS,2014,54.9503
Brazil,BRA,Secure Internet servers (per 1 million people),IT.NET.SECR.P6,2014,113.84154505397096
Canada,CAN,Individuals using the Internet (% of population),IT.NET.USER.ZS,2014,87.12000275
Canada,CAN,Secure Internet servers (per 1 million people),IT.NET.SECR.P6,2014,2698.081558012564
China,CHN,Individuals using the Internet (% of population),IT.NET.USER.ZS,2014,47.90000153
China,CHN,Secure Internet servers (per 1 million people),IT.NET.SECR.P6,2014,9.70507194611695
Germany,DEU,Individuals using the Internet (% of population),IT.NET.USER.ZS,2014,86.1937006578756
Germany,DEU,"Individuals using the Internet, female (% of female population)",IT.NET.USER.FE.ZS,2014,83.7069
Germany,DEU,"Individuals using the Internet, male (% of male population)",IT.NET.USER.MA.ZS,2014,88.7048
Germany,DEU,Secure Internet servers (per 1 million people),IT.NET.SECR.P6,2014,3352.78609576143
India,IND,Individuals using the Internet (% of population),IT.NET.USER.ZS,2014,13.5
India,IND,Secure Internet servers (per 1 million people),IT.NET.SECR.P6,2014,8.337415353278056
Japan,JPN,Individuals using the Internet (% of population),IT.NET.USER.ZS,2014,89.1068330166075
Japan,JPN,"Individuals using the Internet, female (% of female population)",IT.NET.USER.FE.ZS,2014,86.3918
Japan,JPN,"Individuals using the Internet, male (% of male population)",IT.NET.USER.MA.ZS,2014,91.9418
Japan,JPN,Secure Internet servers (per 1 million people),IT.NET.SECR.P6,2014,1376.6695999245735
Nigeria,NGA,Individuals using the Internet (% of population),IT.NET.USER.ZS,2014,21.0
Nigeria,NGA,Secure Internet servers (per 1 million people),IT.NET.SECR.P6,2014,2.8402838207401127
South Africa,ZAF,Individuals using the Internet (% of population),IT.NET.USER.ZS,2014,49.0
South Africa,ZAF,Secure Internet servers (per 1 million people),IT.NET.SECR.P6,2014,217.6820804838032
United Kingdom,GBR,Individuals using the Internet (% of population),IT.NET.USER.ZS,2014,91.6133009176453
United Kingdom,GBR,"Individuals using the Internet, female (% of female population)",IT.NET.USER.FE.ZS,2014,90.3951
United Kingdom,GBR,"Individuals using the Internet, male (% of male population)",IT.NET.USER.MA.ZS,2014,92.4564
United Kingdom,GBR,Secure Internet servers (per 1 million people),IT.NET.SECR.P6,2014,3250.205048050883
United States,USA,Individuals using the Internet (% of population),IT.NET.USER.ZS,2014,73.0
United States,USA,Secure Internet servers (per 1 million people),IT.NET.SECR.P6,2014,5115.546833096138
Brazil,BRA,Individuals using the Internet (% of population),IT.NET.USER.ZS,2015,58.3279517340924
Brazil,BRA,"Individuals using the Internet, female (% of female population)",IT.NET.USER.FE.ZS,2015,57.5621
Brazil,BRA,"Individuals using the Internet, male (% of male population)",IT.NET.USER.MA.ZS,2015,59.1559
Brazil,BRA,Secure Internet servers (per 1 million people),IT.NET.SECR.P6,2015,161.1648159678587
Canada,CAN,Individuals using the Internet (% of population),IT.NET.USER.ZS,2015,90.0
Canada,CAN,Secure Internet servers (per 1 million people),IT.NET.SECR.P6,2015,3386.744157556844
China,CHN,Individuals using the Internet (% of population),IT.NET.USER.ZS,2015,50.29999924
China,CHN,Secure Internet servers (per 1 million people),IT.NET.SECR.P6,2015,19.559230646587334
Germany,DEU,Individuals using the Internet (% of population),IT.NET.USER.ZS,2015,87.5897993525767
Germany,DEU,"Individuals using the Internet, female (% of female population)",IT.NET.USER.FE.ZS,2015,85.4955
Germany,DEU,"Individuals using the Internet, male (% of male population)",IT.NET.USER.MA.ZS,2015,89.6965
Germany,DEU,Secure Internet servers (per 1 million people),IT.NET.SECR.P6,2015,4297.925886532372
India,IND,Individuals using the Internet (% of population),IT.NET.USER.ZS,2015,14.89999962
India,IND,Secure Internet servers (per 1 million people),IT.NET.SECR.P6,2015,11.530660784542246
Japan,JPN,Individuals using the Internet (% of population),IT.NET.USER.ZS,2015,91.0580283929962
Japan,JPN,"Individuals using the Internet, female (% of female population)",IT.NET.USER.FE.ZS,2015,89.3339
Japan,JPN,"Individuals using the Internet, male (% of male population)",IT.NET.USER.MA.ZS,2015,92.8628
Japan,JPN,Secure Internet servers (per 1 million people),IT.NET.SECR.P6,2015,1504.2747815417529
Nigeria,NGA,Individuals using the Internet (% of population),IT.NET.USER.ZS,2015,22.51420021
Nigeria,NGA,Secure Internet servers (per 1 million people),IT.NET.SECR.P6,2015,3.372285450505711
South Africa,ZAF,Individuals using the Internet (% of population),IT.NET.USER.ZS,2015,51.91910172
South Africa,ZAF,Secure Internet servers (per 1 million people),IT.NET.SECR.P6,2015,266.3268336034828
United Kingdom,GBR,Individuals using the Internet (% of population),IT.NET.USER.ZS,2015,92.0002998740234
United Kingdom,GBR,"Individuals using the Internet, female (% of female population)",IT.NET.USER.FE.ZS,2015,90.4053
United Kingdom,GBR,"Individuals using the Internet, male (% of male population)",IT.NET.USER.MA.ZS,2015,93.568
United Kingdom,GBR,Secure Internet servers (per 1 million people),IT.NET.SECR.P6,2015,4388.234209596387
United States,USA,Individuals using the Internet (% of population),IT.NET.USER.ZS,2015,74.5542024462761
United States,USA,"Individuals using the Internet, female (% of female population)",IT.NET.USER.FE.ZS,2015,74.8821
United States,USA,"Individuals using the Internet, male (% of male population)",IT.NET.USER.MA.ZS,2015,74.2101
United States,USA,Secure Internet servers (per 1 million people),IT.NET.SECR.P6,2015,6337.610842095887
Brazil,BRA,Individuals using the Internet (% of population),IT.NET.USER.ZS,2016,60.8725400681261
Brazil,BRA,"Individuals using the Internet, female (% of female population)",IT.NET.USER.FE.ZS,2016,61.1209
Brazil,BRA,"Individuals using the Internet, male (% of male population)",IT.NET.USER.MA.ZS,2016,60.6047
Brazil,BRA,Secure Internet servers (per 1 million people),IT.NET.SECR.P6,2016,415.98653946763824
Canada,CAN,Individuals using the Internet (% of population),IT.NET.USER.ZS,2016,91.16000366
Canada,CAN,Secure Internet servers (per 1 million people),IT.NET.SECR.P6,2016,10221.06874776504
China,CHN,Individuals using the Internet (% of population),IT.NET.USER.ZS,2016,53.2
China,CHN,Secure Internet servers (per 1 million people),IT.NET.SECR.P6,2016,47.59653838116718
Germany,DEU,Individuals using the Internet (% of population),IT.NET.USER.ZS,2016,84.1652066441212
Germany,DEU,"Individuals using the Internet, female (% of female population)",IT.NET.USER.FE.ZS,2016,81.1987
Germany,DEU,"Individuals using the Internet, male (% of male population)",IT.NET.USER.MA.ZS,2016,87.2483
Germany,DEU,Secure Internet servers (per 1 million people),IT.NET.SECR.P6,2016,11624.960204274828
India,IND,Individuals using the Internet (% of population),IT.NET.USER.ZS,2016,16.5
India,IND,Secure Internet servers (per 1 million people),IT.NET.SECR.P6,2016,37.7418916475687
Japan,JPN,Individuals using the Internet (% of population),IT.NET.USER.ZS,2016,93.1827212821617
Japan,JPN,"Individuals using the Internet, female (% of female population)",IT.NET.USER.FE.ZS,2016,91.7973
Japan,JPN,"Individuals using the Internet, male (% of male population)",IT.NET.USER.MA.ZS,2016,94.6527
Japan,JPN,Secure Internet servers (per 1 million people),IT.NET.SECR.P6,2016,2108.1872265415973
Nigeria,NGA,Individuals using the Internet (% of population),IT.NET.USER.ZS,2016,24.13750076
Nigeria,NGA,Secure Internet servers (per 1 million people),IT.NET.SECR.P6,2016,45.097386101470654
South Africa,ZAF,Individuals using the Internet (% of population),IT.NET.USER.ZS,2016,54.0
South Africa,ZAF,Secure Internet servers (per 1 million people),IT.NET.SECR.P6,2016,900.7230950867915
United Kingdom,GBR,Individuals using the Internet (% of population),IT.NET.USER.ZS,2016,94.7758006318882
United Kingdom,GBR,"Individuals using the Internet, female (% of female population)",IT.NET.USER.FE.ZS,2016,94.75
United Kingdom,GBR,"Individuals using the Internet, male (% of male population)",IT.NET.USER.MA.ZS,2016,94.7922
United Kingdom,GBR,Secure Internet servers (per 1 million people),IT.NET.SECR.P6,2016,8697.161844953205
United States,USA,Individuals using the Internet (% of population),IT.NET.USER.ZS,2016,85.5444212887222
United States,USA,Secure Internet servers (per 1 million people),IT.NET.SECR.P6,2016,11389.91508458029
Brazil,BRA,Individuals using the Internet (% of population),IT.NET.USER.ZS,2017,67.4712845236305
Brazil,BRA,"Individuals using the Internet, female (% of female population)",IT.NET.USER.FE.ZS,2017,67.3369
Brazil,BRA,"Individuals using the Internet, male (% of male population)",IT.NET.USER.MA.ZS,2017,67.6165
Brazil,BRA,Secure Internet servers (per 1 million people),IT.NET.SECR.P6,2017,1605.8254417750516
Canada,CAN,Individuals using the Internet (% of population),IT.NET.USER.ZS,2017,92.70140076
Canada,CAN,Secure Internet servers (per 1 million people),IT.NET.SECR.P6,2017,26565.38534946227
China,CHN,Individuals using the Internet (% of population),IT.NET.USER.ZS,2017,54.3
China,CHN,Secure Internet servers (per 1 million people),IT.NET.SECR.P6,2017,207.64925172699049
Germany,DEU,Individuals using the Internet (% of population),IT.NET.USER.ZS,2017,84.3941537010844
Germany,DEU,"Individuals using the Internet, female (% of female population)",IT.NET.USER.FE.ZS,2017,81.2078
Germany,DEU,"Individuals using the Internet, male (% of male population)",IT.NET.USER.MA.ZS,2017,87.6739
Germany,DEU,Secure Internet servers (per 1 million people),IT.NET.SECR.P6,2017,34181.278435431275
India,IND,Individuals using the Internet (% of population),IT.NET.USER.ZS,2017,18.20000076
India,IND,Secure Internet servers (per 1 million people),IT.NET.SECR.P6,2017,121.20038474398036
Japan,JPN,Individuals using the Internet (% of population),IT.NET.USER.ZS,2017,91.7265472366635
Japan,JPN,"Individuals using the Internet, female (% of female population)",IT.NET.USER.FE.ZS,2017,89.7307
Japan,JPN,"Individuals using the Internet, male (% of male population)",IT.NET.USER.MA.ZS,2017,93.882
Japan,JPN,Secure Internet servers (per 1 million people),IT.NET.SECR.P6,2017,5971.466150017327
Nigeria,NGA,Individuals using the Internet (% of population),IT.NET.USER.ZS,2017,25.87789917
Nigeria,NGA,Secure Internet servers (per 1 million people),IT.NET.SECR.P6,2017,212.37466934526373
South Africa,ZAF,Individuals using the Internet (% of population),IT.NET.USER.ZS,2017,56.16740036
South Africa,ZAF,Secure Internet servers (per 1 million people),IT.NET.SECR.P6,2017,9326.841139094917
United Kingdom,GBR,Individuals using the Internet (% of population),IT.NET.USER.ZS,2017,90.4245504868553
United Kingdom,GBR,"Individuals using the Internet, female (% of female population)",IT.NET.USER.FE.ZS,2017,88.6765
United Kingdom,GBR,"Individuals using the Internet, male (% of male population)",IT.NET.USER.MA.ZS,2017,92.2488
United Kingdom,GBR,Secure Internet servers (per 1 million people),IT.NET.SECR.P6,2017,21226.365896549632
United States,USA,Individuals using the Internet (% of population),IT.NET.USER.ZS,2017,87.2748891687657
United States,USA,Secure Internet servers (per 1 million people),IT.NET.SECR.P6,2017,30199.957160345395
Brazil,BRA,Individuals using the Internet (% of population),IT.NET.USER.ZS,2018,70.4342825404361
Brazil,BRA,"Individuals using the Internet, female (% of female population)",IT.NET.USER.FE.ZS,2018,70.0151
Brazil,BRA,"Individuals using the Internet, male (% of male population)",IT.NET.USER.MA.ZS,2018,70.8905
Brazil,BRA,Secure Internet servers (per 1 million people),IT.NET.SECR.P6,2018,2069.602002037182
Canada,CAN,Individuals using the Internet (% of population),IT.NET.USER.ZS,2018,94.64
Canada,CAN,Secure Internet servers (per 1 million people),IT.NET.SECR.P6,2018,30940.81292339198
China,CHN,Individuals using the Internet (% of population),IT.NET.USER.ZS,2018,65.35839844
China,CHN,Secure Internet servers (per 1 million people),IT.NET.SECR.P6,2018,443.51278907297046
Germany,DEU,Individuals using the Internet (% of population),IT.NET.USER.ZS,2018,87.037112092841
Germany,DEU,"Individuals using the Internet, female (% of female population)",IT.NET.USER.FE.ZS,2018,84.1628
Germany,DEU,"Individuals using the Internet, male (% of male population)",IT.NET.USER.MA.ZS,2018,89.9817
Germany,DEU,Secure Internet servers (per 1 million people),IT.NET.SECR.P6,2018,56406.620710724375
India,IND,Individuals using the Internet (% of population),IT.NET.USER.ZS,2018,20.0813000379384
India,IND,"Individuals using the Internet, female (% of female population)",IT.NET.USER.FE.ZS,2018,14.9
India,IND,"Individuals using the Internet, male (% of male population)",IT.NET.USER.MA.ZS,2018,25.0
India,IND,Secure Internet servers (per 1 million people),IT.NET.SECR.P6,2018,184.79636635196988
Japan,JPN,Individuals using the Internet (% of population),IT.NET.USER.ZS,2018,88.7463508901772
Japan,JPN,"Individuals using the Internet, female (% of female population)",IT.NET.USER.FE.ZS,2018,86.4968
Japan,JPN,"Individuals using the Internet, male (% of male population)",IT.NET.USER.MA.ZS,2018,91.1605
Japan,JPN,Secure Internet servers (per 1 million people),IT.NET.SECR.P6,2018,11644.857307331382
Nigeria,NGA,Individuals using the Internet (% of population),IT.NET.USER.ZS,2018,27.74370003
Nigeria,NGA,Secure Internet servers (per 1 million people),IT.NET.SECR.P6,2018,176.06235579990712
South Africa,ZAF,Individuals using the Internet (% of population),IT.NET.USER.ZS,2018,62.40000153
South Africa,ZAF,Secure Internet servers (per 1 million people),IT.NET.SECR.P6,2018,11863.170084056948
United Kingdom,GBR,Individuals using the Internet (% of population),IT.NET.USER.ZS,2018,90.692008988783
United Kingdom,GBR,"Individuals using the Internet, female (% of female population)",IT.NET.USER.FE.ZS,2018,89.617
United Kingdom,GBR,"Individuals using the Internet, male (% of male population)",IT.NET.USER.MA.ZS,2018,91.8093
United Kingdom,GBR,Secure Internet servers (per 1 million people),IT.NET.SECR.P6,2018,27333.1120732572
United States,USA,Individuals using the Internet (% of population),IT.NET.USER.ZS,2018,88.498903165152
United States,USA,Secure Internet servers (per 1 million people),IT.NET.SECR.P6,2018,65494.876280195625
Brazil,BRA,Individuals using the Internet (% of population),IT.NET.USER.ZS,2019,73.9124399133589
Brazil,BRA,"Individuals using the Internet, female (% of female population)",IT.NET.USER.FE.ZS,2019,73.4729
Brazil,BRA,"Individuals using the Internet, male (% of male population)",IT.NET.USER.MA.ZS,2019,74.3905
Brazil,BRA,Secure Internet servers (per 1 million people),IT.NET.SECR.P6,2019,2788.3961347095715
Canada,CAN,Individuals using the Internet (% of population),IT.NET.USER.ZS,2019,91.91290283
Canada,CAN,Secure Internet servers (per 1 million people),IT.NET.SECR.P6,2019,35872.93962717009
China,CHN,Individuals using the Internet (% of population),IT.NET.USER.ZS,2019,64.080881297515
China,CHN,"Individuals using the Internet, female (% of female population)",IT.NET.USER.FE.ZS,2019,63.0484
China,CHN,"Individuals using the Internet, male (% of male population)",IT.NET.USER.MA.ZS,2019,65.0694
China,CHN,Secure Internet servers (per 1 million people),IT.NET.SECR.P6,2019,729.7386955734171
Germany,DEU,Individuals using the Internet (% of population),IT.NET.USER.ZS,2019,88.1345169091916
Germany,DEU,"Individuals using the Internet, female (% of female population)",IT.NET.USER.FE.ZS,2019,85.2831
Germany,DEU,"Individuals using the Internet, male (% of male population)",IT.NET.USER.MA.ZS,2019,91.0642
Germany,DEU,Secure Internet servers (per 1 million people),IT.NET.SECR.P6,2019,77970.03312988169
India,IND,Individuals using the Internet (% of population),IT.NET.USER.ZS,2019,29.52350044
India,IND,Secure Internet servers (per 1 million people),IT.NET.SECR.P6,2019,382.86205520905867
Japan,JPN,Individuals using the Internet (% of population),IT.NET.USER.ZS,2019,92.7303978145525
Japan,JPN,"Individuals using the Internet, female (% of female population)",IT.NET.USER.FE.ZS,2019,90.9525
Japan,JPN,"Individuals using the Internet, male (% of male population)",IT.NET.USER.MA.ZS,2019,94.6445
Japan,JPN,Secure Internet servers (per 1 million people),IT.NET.SECR.P6,2019,18646.99564884351
Nigeria,NGA,Individuals using the Internet (% of population),IT.NET.USER.ZS,2019,29.74410057
Nigeria,NGA,Secure Internet servers (per 1 million people),IT.NET.SECR.P6,2019,71.7758025238589
South Africa,ZAF,Individuals using the Internet (% of population),IT.NET.USER.ZS,2019,69.69689941
South Africa,ZAF,Secure Internet servers (per 1 million people),IT.NET.SECR.P6,2019,14105.098712599043
United Kingdom,GBR,Individuals using the Internet (% of population),IT.NET.USER.ZS,2019,92.5166285497138
United Kingdom,GBR,"Individuals using the Internet, female (% of female population)",IT.NET.USER.FE.ZS,2019,91.4011
United Kingdom,GBR,"Individuals using the Internet, male (% of male population)",IT.NET.USER.MA.ZS,2019,93.6727
United Kingdom,GBR,Secure Internet servers (per 1 million people),IT.NET.SECR.P6,2019,36100.99357627424
United States,USA,Individuals using the Internet (% of population),IT.NET.USER.ZS,2019,89.4302848575712
United States,USA,Secure Internet servers (per 1 million people),IT.NET.SECR.P6,2019,123268.08312532972
Brazil,BRA,Individuals using the Internet (% of population),IT.NET.USER.ZS,2020,81.34269353
Brazil,BRA,"Individuals using the Internet, female (% of female population)",IT.NET.USER.FE.ZS,2020,84.9105
Brazil,BRA,"Individuals using the Internet, male (% of male population)",IT.NET.USER.MA.ZS,2020,77.333
Brazil,BRA,Secure Internet servers (per 1 million people),IT.NET.SECR.P6,2020,3144.8689352073065
Canada,CAN,Individuals using the Internet (% of population),IT.NET.USER.ZS,2020,92.3
Canada,CAN,Secure Internet servers (per 1 million people),IT.NET.SECR.P6,2020,39858.72436451708
China,CHN,Individuals using the Internet (% of population),IT.NET.USER.ZS,2020,70.05275998
China,CHN,"Individuals using the Internet, female (% of female population)",IT.NET.USER.FE.ZS,2020,70.4569
China,CHN,"Individuals using the Internet, male (% of male population)",IT.NET.USER.MA.ZS,2020,69.6681
China,CHN,Secure Internet servers (per 1 million people),IT.NET.SECR.P6,2020,948.458649280703
Germany,DEU,Individuals using the Internet (% of population),IT.NET.USER.ZS,2020,89.81294133
Germany,DEU,"Individuals using the Internet, female (% of female population)",IT.NET.USER.FE.ZS,2020,87.3028
Germany,DEU,"Individuals using the Internet, male (% of male population)",IT.NET.USER.MA.ZS,2020,92.3982
Germany,DEU,Secure Internet servers (per 1 million people),IT.NET.SECR.P6,2020,97517.56929049
India,IND,Individuals using the Internet (% of population),IT.NET.USER.ZS,2020,43.40544313
India,IND,Secure Internet servers (per 1 million people),IT.NET.SECR.P6,2020,472.18711296808505
Japan,JPN,Individuals using the Internet (% of population),IT.NET.USER.ZS,2020,90.21945812
Japan,JPN,"Individuals using the Internet, female (% of female population)",IT.NET.USER.FE.ZS,2020,87.7409
Japan,JPN,"Individuals using the Internet, male (% of male population)",IT.NET.USER.MA.ZS,2020,92.8485
Japan,JPN,Secure Internet servers (per 1 million people),IT.NET.SECR.P6,2020,22848.71813148953
Nigeria,NGA,Individuals using the Internet (% of population),IT.NET.USER.ZS,2020,31.88879967
Nigeria,NGA,Secure Internet servers (per 1 million people),IT.NET.SECR.P6,2020,71.22557014230081
South Africa,ZAF,Individuals using the Internet (% of population),IT.NET.USER.ZS,2020,72.1128006
South Africa,ZAF,Secure Internet servers (per 1 million people),IT.NET.SECR.P6,2020,14123.272333034594
United Kingdom,GBR,Individuals using the Internet (% of population),IT.NET.USER.ZS,2020,94.81820132
United Kingdom,GBR,"Individuals using the Internet, female (% of female population)",IT.NET.USER.FE.ZS,2020,94.4143
United Kingdom,GBR,"Individuals using the Internet, male (% of male population)",IT.NET.USER.MA.ZS,2020,95.242
United Kingdom,GBR,Secure Internet servers (per 1 million people),IT.NET.SECR.P6,2020,36638.82229547498
United States,USA,Individuals using the Internet (% of population),IT.NET.USER.ZS,2020,90.34470367
United States,USA,Secure Internet servers (per 1 million people),IT.NET.SECR.P6,2020,140775.61044260027
Brazil,BRA,Individuals using the Internet (% of population),IT.NET.USER.ZS,2021,80.68989314
Brazil,BRA,"Individuals using the Internet, female (% of female population)",IT.NET.USER.FE.ZS,2021,79.7915
Brazil,BRA,"Individuals using the Internet, male (% of male population)",IT.NET.USER.MA.ZS,2021,81.6433
Brazil,BRA,Secure Internet servers (per 1 million people),IT.NET.SECR.P6,2021,3546.5901088165497
Canada,CAN,Individuals using the Internet (% of population),IT.NET.USER.ZS,2021,93.93710327
Canada,CAN,Secure Internet servers (per 1 million people),IT.NET.SECR.P6,2021,43542.23121714031
China,CHN,Individuals using the Internet (% of population),IT.NET.USER.ZS,2021,73.05323517
China,CHN,"Individuals using the Internet, female (% of female population)",IT.NET.USER.FE.ZS,2021,72.6218
China,CHN,"Individuals using the Internet, male (% of male population)",IT.NET.USER.MA.ZS,2021,73.4646
China,CHN,Secure Internet servers (per 1 million people),IT.NET.SECR.P6,2021,1083.9113257243196
Germany,DEU,Individuals using the Internet (% of population),IT.NET.USER.ZS,2021,91.43060973
Germany,DEU,"Individuals using the Internet, female (% of female population)",IT.NET.USER.FE.ZS,2021,90.5614
Germany,DEU,"Individuals using the Internet, male (% of male population)",IT.NET.USER.MA.ZS,2021,92.2967
Germany,DEU,Secure Internet servers (per 1 million people),IT.NET.SECR.P6,2021,113297.57635930866
India,IND,Individuals using the Internet (% of population),IT.NET.USER.ZS,2021,49.2580986
India,IND,Secure Internet servers (per 1 million people),IT.NET.SECR.P6,2021,528.1904555013332
Japan,JPN,Individuals using the Internet (% of population),IT.NET.USER.ZS,2021,82.91407928
Japan,JPN,"Individuals using the Internet, female (% of female population)",IT.NET.USER.FE.ZS,2021,79.7779
Japan,JPN,"Individuals using the Internet, male (% of male population)",IT.NET.USER.MA.ZS,2021,86.2623
Japan,JPN,Secure Internet servers (per 1 million people),IT.NET.SECR.P6,2021,25729.86960787488
Nigeria,NGA,Individuals using the Internet (% of population),IT.NET.USER.ZS,2021,35.50979996
Nigeria,NGA,Secure Internet servers (per 1 million people),IT.NET.SECR.P6,2021,61.54781469427397
South Africa,ZAF,Individuals using the Internet (% of population),IT.NET.USER.ZS,2021,74.96859741
South Africa,ZAF,Secure Internet servers (per 1 million people),IT.NET.SECR.P6,2021,16057.580522242286
United Kingdom,GBR,Individuals using the Internet (% of population),IT.NET.USER.ZS,2021,96.19650269
United Kingdom,GBR,Secure Internet servers (per 1 million people),IT.NET.SECR.P6,2021,44117.15787273434
United States,USA,Individuals using the Internet (% of population),IT.NET.USER.ZS,2021,91.2684021
United States,USA,Secure Internet servers (per 1 million people),IT.NET.SECR.P6,2021,156949.241031093
Brazil,BRA,Individuals using the Internet (% of population),IT.NET.USER.ZS,2022,80.52775094
Brazil,BRA,"Individuals using the Internet, female (% of female population)",IT.NET.USER.FE.ZS,2022,81.1465
Brazil,BRA,"Individuals using the Internet, male (% of male population)",IT.NET.USER.MA.ZS,2022,79.871
Brazil,BRA,Secure Internet servers (per 1 million people),IT.NET.SECR.P6,2022,4685.09246377482
Canada,CAN,Individuals using the Internet (% of population),IT.NET.USER.ZS,2022,94.0
Canada,CAN,"Individuals using the Internet, female (% of female population)",IT.NET.USER.FE.ZS,2022,94.0
Canada,CAN,"Individuals using the Internet, male (% of male population)",IT.NET.USER.MA.ZS,2022,95.0
Canada,CAN,Secure Internet servers (per 1 million people),IT.NET.SECR.P6,2022,43637.38741629938
China,CHN,Individuals using the Internet (% of population),IT.NET.USER.ZS,2022,75.61131603
China,CHN,"Individuals using the Internet, female (% of female population)",IT.NET.USER.FE.ZS,2022,75.2437
China,CHN,"Individuals using the Internet, male (% of male population)",IT.NET.USER.MA.ZS,2022,75.9624
China,CHN,Secure Internet servers (per 1 million people),IT.NET.SECR.P6,2022,1317.3126560093472
Germany,DEU,Individuals using the Internet (% of population),IT.NET.USER.ZS,2022,91.62984383
Germany,DEU,"Individuals using the Internet, female (% of female population)",IT.NET.USER.FE.ZS,2022,90.4838
Germany,DEU,"Individuals using the Internet, male (% of male population)",IT.NET.USER.MA.ZS,2022,92.772
Germany,DEU,Secure Internet servers (per 1 million people),IT.NET.SECR.P6,2022,126884.0766467375
India,IND,Individuals using the Internet (% of population),IT.NET.USER.ZS,2022,55.9
India,IND,Secure Internet servers (per 1 million people),IT.NET.SECR.P6,2022,729.6920600448311
Japan,JPN,Individuals using the Internet (% of population),IT.NET.USER.ZS,2022,84.92343147
Japan,JPN,"Individuals using the Internet, female (% of female population)",IT.NET.USER.FE.ZS,2022,82.1328
Japan,JPN,"Individuals using the Internet, male (% of male population)",IT.NET.USER.MA.ZS,2022,87.8911
Japan,JPN,Secure Internet servers (per 1 million people),IT.NET.SECR.P6,2022,28934.068477720302
Nigeria,NGA,Individuals using the Internet (% of population),IT.NET.USER.ZS,2022,39.14720154
Nigeria,NGA,Secure Internet servers (per 1 million people),IT.NET.SECR.P6,2022,47.09369394600146
South Africa,ZAF,Individuals using the Internet (% of population),IT.NET.USER.ZS,2022,78.29319763
South Africa,ZAF,Secure Internet servers (per 1 million people),IT.NET.SECR.P6,2022,14989.946040625277
United Kingdom,GBR,Individuals using the Internet (% of population),IT.NET.USER.ZS,2022,95.46530151
United Kingdom,GBR,Secure Internet servers (per 1 million people),IT.NET.SECR.P6,2022,44399.8758057839
United States,USA,Individuals using the Internet (% of population),IT.NET.USER.ZS,2022,92.72850037
United States,USA,Secure Internet servers (per 1 million people),IT.NET.SECR.P6,2022,180224.39254297857
Brazil,BRA,Individuals using the Internet (% of population),IT.NET.USER.ZS,2023,84.15060238
Brazil,BRA,"Individuals using the Internet, female (% of female population)",IT.NET.USER.FE.ZS,2023,85.6558
Brazil,BRA,"Individuals using the Internet, male (% of male population)",IT.NET.USER.MA.ZS,2023,82.5526
Brazil,BRA,Secure Internet servers (per 1 million people),IT.NET.SECR.P6,2023,5628.662956828191
Canada,CAN,Individuals using the Internet (% of population),IT.NET.USER.ZS,2023,94.14530182
Canada,CAN,Secure Internet servers (per 1 million people),IT.NET.SECR.P6,2023,42601.59432344627
China,CHN,Individuals using the Internet (% of population),IT.NET.USER.ZS,2023,90.6
China,CHN,"Individuals using the Internet, female (% of female population)",IT.NET.USER.FE.ZS,2023,77.3218
China,CHN,"Individuals using the Internet, male (% of male population)",IT.NET.USER.MA.ZS,2023,77.6366
China,CHN,Secure Internet servers (per 1 million people),IT.NET.SECR.P6,2023,1508.3709621396315
Germany,DEU,Individuals using the Internet (% of population),IT.NET.USER.ZS,2023,92.4763763
Germany,DEU,"Individuals using the Internet, female (% of female population)",IT.NET.USER.FE.ZS,2023,91.4829
Germany,DEU,"Individuals using the Internet, male (% of male population)",IT.NET.USER.MA.ZS,2023,93.4711
Germany,DEU,Secure Internet servers (per 1 million people),IT.NET.SECR.P6,2023,139972.8023271935
India,IND,Individuals using the Internet (% of population),IT.NET.USER.ZS,2023,60.25230026
India,IND,Secure Internet servers (per 1 million people),IT.NET.SECR.P6,2023,966.0825900668024
Japan,JPN,Individuals using the Internet (% of population),IT.NET.USER.ZS,2023,85.00990295
Japan,JPN,Secure Internet servers (per 1 million people),IT.NET.SECR.P6,2023,31701.71218066017
Nigeria,NGA,Individuals using the Internet (% of population),IT.NET.USER.ZS,2023,40.06399918
Nigeria,NGA,Secure Internet servers (per 1 million people),IT.NET.SECR.P6,2023,47.59899868768152
South Africa,ZAF,Individuals using the Internet (% of population),IT.NET.USER.ZS,2023,78.33670044
South Africa,ZAF,Secure Internet servers (per 1 million people),IT.NET.SECR.P6,2023,14786.99173883396
United Kingdom,GBR,Individuals using the Internet (% of population),IT.NET.USER.ZS,2023,95.44719696
United Kingdom,GBR,Secure Internet servers (per 1 million people),IT.NET.SECR.P6,2023,47330.95467413828
United States,USA,Individuals using the Internet (% of population),IT.NET.USER.ZS,2023,93.52559662
United States,USA,Secure Internet servers (per 1 million people),IT.NET.SECR.P6,2023,186721.2819126467
Brazil,BRA,Individuals using the Internet (% of population),IT.NET.USER.ZS,2024,84.46347227
Brazil,BRA,"Individuals using the Internet, female (% of female population)",IT.NET.USER.FE.ZS,2024,83.7948
Brazil,BRA,"Individuals using the Internet, male (% of male population)",IT.NET.USER.MA.ZS,2024,85.1736
Brazil,BRA,Secure Internet servers (per 1 million people),IT.NET.SECR.P6,2024,6941.1740804500605
Canada,CAN,Individuals using the Internet (% of population),IT.NET.USER.ZS,2024,94.353302
Canada,CAN,Secure Internet servers (per 1 million people),IT.NET.SECR.P6,2024,39738.03805403229
China,CHN,Individuals using the Internet (% of population),IT.NET.USER.ZS,2024,92.0
China,CHN,Secure Internet servers (per 1 million people),IT.NET.SECR.P6,2024,1413.3210312461188
Germany,DEU,Individuals using the Internet (% of population),IT.NET.USER.ZS,2024,93.49999579
Germany,DEU,"Individuals using the Internet, female (% of female population)",IT.NET.USER.FE.ZS,2024,92.9785
Germany,DEU,"Individuals using the Internet, male (% of male population)",IT.NET.USER.MA.ZS,2024,94.0199
Germany,DEU,Secure Internet servers (per 1 million people),IT.NET.SECR.P6,2024,152113.84401181212
India,IND,Individuals using the Internet (% of population),IT.NET.USER.ZS,2024,64.9434967
India,IND,Secure Internet servers (per 1 million people),IT.NET.SECR.P6,2024,1212.4416606937227
Japan,JPN,Individuals using the Internet (% of population),IT.NET.USER.ZS,2024,85.54153081
Japan,JPN,"Individuals using the Internet, female (% of female population)",IT.NET.USER.FE.ZS,2024,82.645
Japan,JPN,"Individuals using the Internet, male (% of male population)",IT.NET.USER.MA.ZS,2024,88.6246
Japan,JPN,Secure Internet servers (per 1 million people),IT.NET.SECR.P6,2024,32928.75808373262
Nigeria,NGA,Individuals using the Internet (% of population),IT.NET.USER.ZS,2024,41.21139908
Nigeria,NGA,Secure Internet servers (per 1 million people),IT.NET.SECR.P6,2024,98.36277868905998
South Africa,ZAF,Individuals using the Internet (% of population),IT.NET.USER.ZS,2024,78.35759735
South Africa,ZAF,Secure Internet servers (per 1 million people),IT.NET.SECR.P6,2024,16658.238706850218
United Kingdom,GBR,Individuals using the Internet (% of population),IT.NET.USER.ZS,2024,95.4720993
United Kingdom,GBR,Secure Internet servers (per 1 million people),IT.NET.SECR.P6,2024,68394.85573245189
United States,USA,Individuals using the Internet (% of population),IT.NET.USER.ZS,2024,94.69380188
United States,USA,Secure Internet servers (per 1 million people),IT.NET.SECR.P6,2024,196616.10131959792
China,CHN,Individuals using the Internet (% of population),IT.NET.USER.ZS,2025,91.6
India,IND,Individuals using the Internet (% of population),IT.NET.USER.ZS,2025,70.0
India,IND,"Individuals using the Internet, female (% of female population)",IT.NET.USER.FE.ZS,2025,63.1
India,IND,"Individuals using the Internet, male (% of male population)",IT.NET.USER.MA.ZS,2025,76.7
